Osoblje_ID,Ime,Prezime,Telefon,Pozicija
1,Ana,Anić,123-456,Trener
2,Meliha,Alić,876-437,Trener
3,Mirsad,Hasić,842-937,Recepcioner
4,Samra,Musić,738-927,Čistačica
5,Osman,Hasanović,652-046,Nutricionista
6,Kenan,Subašić,749-485,Fizioterapeut
7,Elmin,Muratović,759-984,Trener
8,Nejla,Alić,794-703,Trener
9,Sara,Mujić,977-313,"Dizajneri programa vežbanja"
10," Sedina",Begić,159-026,"Fitness savjetnik"
11,Benjamin,Kalaj,103-495,Instruktor
12,Mirsada,Nezirovac,153-876,Instruktor
13,Almasa,Kapidžić,424-490,Trener
14,Senida,Huremović,509-348,"Menadžer teretane"
15,Haso,Mišić,569-234,Psiholog
17,Šemsudin,Merlin,930-290,Nutricionista
18,Sanel,Mehidić,603-479,Trener
